KPI,Value
RMSE,74.27384468240653
MAE,55.1676139831543
Total Sales,84830.0
